name,code,close,change_pct,macd,obv,rsi,trend,volume,score,stars,signal,ma20,ma60,sector
新易盛,300502.SZ,490.0,-2.293120638085743,金叉,↓,61.2,上升,正常,4,⭐⭐⭐⭐☆,买入,447.38,410.17,光模块
中际旭创,300308.SZ,693.02,0.7091580201703135,金叉,↑,69.6,上升,正常,4,⭐⭐⭐⭐☆,买入,597.08,583.53,光模块
天孚通信,300394.SZ,346.9,2.937685459940646,金叉,↑,61.7,上升,正常,4,⭐⭐⭐⭐☆,买入,317.05,280.7,光模块
阳光电源,300274.SZ,123.8,-2.512008819592092,死叉,↓,21.5,震荡,正常,1,⭐☆☆☆☆,卖出,154.44,155.84,储能
长飞光纤,601869.SH,398.31,9.999999999999993,金叉,↑,96.8,上升,正常,3,⭐⭐⭐☆☆,观察,277.92,205.94,光模块
源杰科技,688498.SH,1128.18,-0.7757255936675406,金叉,↓,62.6,上升,正常,4,⭐⭐⭐⭐☆,买入,1025.76,861.93,光模块
胜宏科技,300476.SZ,278.02,-2.749405344899963,金叉,↓,50.4,震荡,正常,3,⭐⭐⭐☆☆,观察,270.67,274.5,PCB
光库科技,300620.SZ,231.11,4.094225745428341,金叉,↑,80.7,上升,正常,3,⭐⭐⭐☆☆,观察,183.73,168.92,光模块
烽火通信,600498.SH,54.95,7.219512195121956,金叉,↑,67.3,上升,正常,4,⭐⭐⭐⭐☆,买入,48.4,45.65,光模块
华工科技,000988.SZ,114.93,4.093832080427507,死叉,↑,45.2,上升,正常,3,⭐⭐⭐☆☆,观察,111.52,94.5,其他
汇绿生态,001267.SZ,43.29,-2.279909706546271,死叉,↓,56.2,上升,正常,3,⭐⭐⭐☆☆,观察,40.98,32.94,光模块
北方华创,002371.SZ,472.84,1.9095650674597948,金叉,↑,52.9,下降,正常,3,⭐⭐⭐☆☆,观察,452.84,474.27,半导体设备
东山精密,002384.SZ,131.9,9.999166041197572,金叉,↑,65.5,上升,放量,5,⭐⭐⭐⭐⭐,买入,110.35,90.94,PCB
沪电股份,002463.SZ,85.84,2.105388366837172,金叉,↑,49.3,上升,正常,4,⭐⭐⭐⭐☆,买入,81.34,75.9,PCB
润泽科技,300442.SZ,87.29,0.43723392014728996,死叉,↑,46.3,N/A,正常,2,⭐⭐☆☆☆,观察,84.38,,数据中心
中科曙光,603019.SH,83.3,0.4825090470446217,金叉,↑,46.8,下降,正常,3,⭐⭐⭐☆☆,观察,82.71,87.91,服务器
海光信息,688041.SH,227.0,-0.6564551422319475,金叉,↓,52.9,下降,正常,3,⭐⭐⭐☆☆,观察,221.63,242.42,AI芯片
长光华芯,688048.SH,230.05,-3.6157197921903785,金叉,↓,63.6,上升,正常,4,⭐⭐⭐⭐☆,买入,205.74,162.01,光模块
腾景科技,688195.SH,331.1,-2.3303834808259523,金叉,↓,74.9,上升,正常,3,⭐⭐⭐☆☆,观察,269.97,227.82,光模块
仕佳光子,688313.SH,106.98,8.268393887258377,金叉,↑,71.6,震荡,正常,2,⭐⭐☆☆☆,观察,86.61,85.02,光器件
光迅科技,002281.SZ,108.09,10.004070832485242,金叉,↑,72.7,上升,正常,3,⭐⭐⭐☆☆,观察,87.44,78.29,光模块
鹏鼎控股,002938.SZ,55.6,1.7011157856228274,金叉,↑,56.4,下降,正常,3,⭐⭐⭐☆☆,观察,51.98,54.84,PCB
北京君正,300223.SZ,109.49,-2.865507452093687,死叉,↓,36.5,下降,正常,2,⭐⭐☆☆☆,观察,114.2,122.84,AI芯片
迈为股份,300751.SZ,213.0,-6.660823838737945,死叉,↓,39.7,下降,放量,2,⭐⭐☆☆☆,观察,250.98,268.74,光伏设备
罗博特科,300757.SZ,488.25,2.72891769062448,金叉,↑,79.3,上升,正常,3,⭐⭐⭐☆☆,观察,388.54,372.01,光模块
飞沃科技,300825.SZ,8.77,-4.362050163576885,金叉,↓,46.2,下降,正常,3,⭐⭐⭐☆☆,观察,8.89,9.82,风电
江波龙,301308.SZ,325.5,0.4877747591997975,死叉,↑,41.3,震荡,正常,2,⭐⭐☆☆☆,观察,320.89,315.45,存储
永鼎股份,600105.SH,34.64,4.243153776707806,金叉,↑,73.6,震荡,正常,2,⭐⭐☆☆☆,观察,28.28,27.84,光模块
生益科技,600183.SH,59.2,0.3730077992539945,金叉,↑,47.0,下降,正常,3,⭐⭐⭐☆☆,观察,57.97,64.52,PCB
东阳光,600673.SH,31.5,-2.1435228331779985,死叉,↓,40.5,N/A,正常,2,⭐⭐☆☆☆,观察,32.08,,其他
剑桥科技,603083.SH,115.55,3.585835948005379,金叉,↑,49.9,震荡,放量,4,⭐⭐⭐⭐☆,买入,109.36,111.37,光模块
数据港,603881.SH,39.0,-0.6369426751592357,金叉,↓,48.3,震荡,正常,3,⭐⭐⭐☆☆,观察,37.34,37.4,数据中心
兆易创新,603986.SH,250.49,-2.1370526644788246,死叉,↓,26.9,下降,正常,1,⭐☆☆☆☆,卖出,270.38,281.95,存储
德业股份,605117.SH,126.91,2.9278183292781828,死叉,↑,48.7,上升,正常,3,⭐⭐⭐☆☆,观察,129.74,107.38,储能
拓荆科技,688072.SH,391.85,3.2678877322440467,金叉,↑,71.4,震荡,正常,2,⭐⭐☆☆☆,观察,358.5,357.93,半导体设备
嘉元科技,688388.SH,45.16,-1.5049073064340346,金叉,↓,65.6,下降,正常,3,⭐⭐⭐☆☆,观察,41.67,43.31,铜箔
海博思创,688411.SH,222.88,0.3511931562359303,死叉,↑,36.8,上升,缩量,3,⭐⭐⭐☆☆,观察,254.24,240.79,储能
艾罗能源,688717.SH,110.07,2.8691588785046664,死叉,↑,32.0,上升,正常,3,⭐⭐⭐☆☆,观察,125.14,106.03,储能
万泽股份,000534.SZ,41.53,5.593694380879743,死叉,↑,49.2,上升,放量,4,⭐⭐⭐⭐☆,买入,39.51,34.05,材料
德明利,001309.SZ,406.58,3.376557335367397,金叉,↑,64.9,上升,正常,4,⭐⭐⭐⭐☆,买入,360.96,292.12,存储
大金重工,002487.SZ,72.69,1.5081692501047315,死叉,↑,56.4,上升,正常,3,⭐⭐⭐☆☆,观察,73.06,65.47,风电
英维克,002837.SZ,93.09,1.7377049180327908,死叉,↑,36.3,下降,正常,2,⭐⭐☆☆☆,观察,94.9,100.23,液冷
深南电路,002916.SZ,243.0,2.3114816218264536,金叉,↑,46.5,下降,正常,3,⭐⭐⭐☆☆,观察,237.71,243.93,PCB
泰胜风能,300129.SZ,12.41,-1.115537848605582,死叉,↓,34.5,下降,缩量,2,⭐⭐☆☆☆,观察,13.15,13.96,风电
光环新网,300383.SZ,17.48,-1.7977528089887655,金叉,↓,53.4,上升,缩量,4,⭐⭐⭐⭐☆,买入,16.59,15.94,数据中心
佰维存储,300667.SZ,16.79,-1.9275700934579545,金叉,↓,51.6,下降,缩量,3,⭐⭐⭐☆☆,观察,16.27,18.09,存储
奥飞数据,300738.SZ,22.65,-1.8630849220103975,金叉,↓,44.2,下降,正常,3,⭐⭐⭐☆☆,观察,22.4,23.09,数据中心
宁德时代,300750.SZ,389.99,-0.33478149757219583,死叉,↓,44.5,上升,正常,3,⭐⭐⭐☆☆,观察,400.54,371.06,储能
锦浪科技,300763.SZ,90.75,0.3760645946244922,死叉,↑,37.9,上升,正常,3,⭐⭐⭐☆☆,观察,101.75,88.95,储能
广联航空,300900.SZ,38.32,-1.7435897435897427,金叉,↓,43.6,震荡,缩量,3,⭐⭐⭐☆☆,观察,37.61,37.84,其他
超捷股份,301005.SZ,149.94,-3.258274727401775,金叉,↓,50.6,下降,缩量,3,⭐⭐⭐☆☆,观察,148.81,168.88,机器人
国能日新,301162.SZ,62.03,-0.6884406019852701,死叉,↓,30.6,震荡,正常,2,⭐⭐☆☆☆,观察,68.49,68.52,其他
德福科技,301515.SZ,22.32,-4.492939666238771,金叉,↓,46.2,下降,正常,3,⭐⭐⭐☆☆,观察,22.57,24.18,铜箔
中天科技,600522.SH,31.4,2.280130293159607,金叉,↑,73.7,上升,正常,3,⭐⭐⭐☆☆,观察,28.29,24.74,风电
东方电气,600875.SH,38.31,0.026109660574425896,死叉,↑,49.5,上升,正常,3,⭐⭐⭐☆☆,观察,37.45,32.82,燃机电力
航天电子,600879.SH,21.56,0.2790697674418545,金叉,↑,43.4,下降,正常,3,⭐⭐⭐☆☆,观察,21.83,24.97,其他
应流股份,603308.SH,68.7,2.537313432835825,金叉,↑,63.3,上升,正常,4,⭐⭐⭐⭐☆,买入,62.65,58.76,燃机电力
大位科技,603316.SH,14.14,-0.2820874471085977,死叉,↓,32.0,震荡,正常,2,⭐⭐☆☆☆,观察,14.91,14.69,算力云
中微公司,688012.SH,321.3,1.136327866788383,金叉,↑,53.2,下降,正常,3,⭐⭐⭐☆☆,观察,309.47,336.75,半导体设备
斯瑞新材,688102.SH,34.1,-5.722974841028477,死叉,↓,37.1,下降,正常,2,⭐⭐☆☆☆,观察,36.46,40.69,其他
南网科技,688248.SH,55.97,-1.7208077260755117,死叉,↓,35.6,上升,缩量,3,⭐⭐⭐☆☆,观察,61.91,56.74,南网科技
寒武纪,688256.SH,1198.0,2.9209621993127146,金叉,↑,65.8,下降,正常,3,⭐⭐⭐☆☆,观察,1056.52,1175.44,AI芯片
固德威,688390.SH,82.22,0.21940516821061995,死叉,↑,29.6,上升,正常,2,⭐⭐☆☆☆,观察,93.4,87.08,储能
南亚新材,688519.SH,134.16,2.8045977011494228,死叉,↑,47.5,上升,正常,3,⭐⭐⭐☆☆,观察,134.88,106.62,PCB
金盘科技,688676.SH,84.77,4.589759407772978,金叉,↑,54.8,下降,放量,4,⭐⭐⭐⭐☆,买入,80.6,91.35,AIDC电源
潍柴动力,000338.SZ,25.98,2.283464566929141,金叉,↑,60.8,震荡,正常,3,⭐⭐⭐☆☆,观察,24.48,24.31,燃机电力
佛塑科技,000973.SZ,17.41,-2.6830631637786495,死叉,↓,65.5,上升,缩量,3,⭐⭐⭐☆☆,观察,17.23,14.58,其他
思源电气,002028.SZ,202.68,-1.963819289929381,死叉,↓,42.8,上升,正常,3,⭐⭐⭐☆☆,观察,208.16,201.71,其他
融捷股份,002192.SZ,73.05,1.9112723214285576,金叉,↑,72.8,上升,正常,3,⭐⭐⭐☆☆,观察,65.16,58.84,锂电材料
海亮股份,002203.SZ,15.14,0.26490066225166176,金叉,↑,66.3,震荡,正常,3,⭐⭐⭐☆☆,观察,14.05,14.25,其他
福晶科技,002222.SZ,81.69,0.7399186089530082,金叉,↑,77.4,震荡,正常,2,⭐⭐☆☆☆,观察,67.29,68.34,光模块
盛新锂能,002240.SZ,39.0,-1.3657056145675244,金叉,↓,63.8,震荡,正常,3,⭐⭐⭐☆☆,观察,38.62,38.22,锂电材料
科华数据,002335.SZ,58.77,2.0489668345198813,死叉,↑,37.2,下降,正常,2,⭐⭐☆☆☆,观察,59.76,61.11,AIDC电源
通鼎互联,002491.SZ,16.14,6.184210526315798,金叉,↑,81.4,上升,放量,4,⭐⭐⭐⭐☆,买入,11.66,9.6,光模块
中矿资源,002738.SZ,78.0,0.30864197530863535,金叉,↑,67.6,下降,缩量,3,⭐⭐⭐☆☆,观察,72.09,81.0,锂电材料
永兴材料,002756.SZ,70.25,-2.240467575841914,死叉,↓,67.3,上升,正常,3,⭐⭐⭐☆☆,观察,70.4,60.77,锂电材料
世嘉科技,002796.SZ,50.47,-1.3101290574892486,死叉,↓,41.8,上升,正常,3,⭐⭐⭐☆☆,观察,51.37,48.11,其他
恩捷股份,002812.SZ,65.82,-4.525674499564845,死叉,↓,52.1,上升,正常,3,⭐⭐⭐☆☆,观察,68.6,60.78,锂电材料
伊戈尔,002922.SZ,37.65,1.1009667024704528,金叉,↑,53.1,下降,正常,3,⭐⭐⭐☆☆,观察,37.01,40.41,AIDC电源
东方日升,300118.SZ,16.21,-2.349397590361449,死叉,↓,39.9,下降,正常,2,⭐⭐☆☆☆,观察,17.62,19.05,光伏
欣旺达,300207.SZ,24.96,1.752955564614756,死叉,↑,39.4,上升,正常,3,⭐⭐⭐☆☆,观察,26.3,25.37,其他
富临精工,300432.SZ,23.89,3.2411408815903195,死叉,↑,70.5,上升,正常,2,⭐⭐☆☆☆,观察,21.87,19.39,其他
鹏辉能源,300438.SZ,53.39,1.695238095238096,死叉,↑,46.5,上升,正常,3,⭐⭐⭐☆☆,观察,55.92,50.95,其他
高澜股份,300499.SZ,37.63,0.6149732620320962,死叉,↑,42.3,上升,正常,3,⭐⭐⭐☆☆,观察,37.3,34.08,液冷
精测电子,300567.SZ,131.72,2.729683356730619,金叉,↑,53.4,下降,正常,3,⭐⭐⭐☆☆,观察,127.36,132.41,半导体设备
捷佳伟创,300724.SZ,105.72,-2.065771190365914,死叉,↓,38.7,下降,正常,2,⭐⭐☆☆☆,观察,116.29,120.36,光伏设备
运达股份,300772.SZ,17.03,-0.988372093023245,死叉,↓,29.8,震荡,正常,1,⭐☆☆☆☆,卖出,19.08,19.4,风电
上能电气,300827.SZ,37.64,3.4918889194391065,死叉,↑,50.4,上升,正常,3,⭐⭐⭐☆☆,观察,39.79,38.73,储能
协创数据,300857.SZ,231.11,0.11262724713017949,金叉,↑,40.3,震荡,正常,3,⭐⭐⭐☆☆,观察,225.33,221.9,算力云
海科新源,301059.SZ,13.91,-0.571837026447463,金叉,↓,47.9,震荡,正常,3,⭐⭐⭐☆☆,观察,13.82,14.03,锂电材料
中一科技,301150.SZ,57.32,0.66736916051985,金叉,↑,72.3,上升,正常,3,⭐⭐⭐☆☆,观察,52.53,47.42,铜箔
锐捷网络,301165.SZ,92.11,-0.25988088792636155,金叉,↓,54.2,震荡,正常,3,⭐⭐⭐☆☆,观察,85.24,83.58,服务器
铜冠铜箔,301217.SZ,43.05,2.0625889046941617,金叉,↑,61.2,上升,放量,5,⭐⭐⭐⭐⭐,买入,39.01,37.65,铜箔
湖南裕能,301358.SZ,72.1,0.9803921568627292,死叉,↑,47.1,上升,正常,3,⭐⭐⭐☆☆,观察,75.7,68.55,锂电材料
斯菱股份,301511.SZ,44.99,9.225540179655267,金叉,↑,70.8,上升,放量,4,⭐⭐⭐⭐☆,买入,38.89,34.65,机器人
诺德股份,600110.SH,10.16,3.462321792260691,金叉,↑,76.2,上升,正常,3,⭐⭐⭐☆☆,观察,8.56,7.75,铜箔
维科技术,600152.SH,9.85,-1.2036108324975026,死叉,↓,55.2,上升,正常,3,⭐⭐⭐☆☆,观察,9.94,8.81,电池
双良节能,600481.SH,6.45,-1.526717557251903,死叉,↓,40.9,下降,缩量,2,⭐⭐☆☆☆,观察,6.87,7.92,光伏
亨通光电,600487.SH,59.54,1.6734972677595574,金叉,↑,83.4,上升,正常,3,⭐⭐⭐☆☆,观察,49.98,40.78,风电
泰豪科技,600590.SH,14.11,-0.3531073446327734,死叉,↓,44.8,上升,缩量,3,⭐⭐⭐☆☆,观察,14.05,12.85,燃机电力
明阳智能,601615.SH,16.33,-0.4268292682926847,死叉,↓,19.9,N/A,正常,1,⭐☆☆☆☆,卖出,18.52,,风电
正泰电器,601877.SH,32.75,0.09168704156479565,死叉,↑,40.2,上升,正常,3,⭐⭐⭐☆☆,观察,34.34,32.67,正泰电器
石大胜华,603026.SH,77.42,-3.224999999999998,死叉,↓,59.8,上升,正常,3,⭐⭐⭐☆☆,观察,79.53,71.78,锂电材料
振江股份,603507.SH,46.21,9.997619614377538,金叉,↑,73.6,上升,正常,3,⭐⭐⭐☆☆,观察,40.07,33.61,风电
东方电缆,603606.SH,57.94,-3.4333333333333367,死叉,↓,34.9,上升,正常,3,⭐⭐⭐☆☆,观察,62.18,59.84,风电
利通电子,603629.SH,74.62,5.99431818181818,金叉,↑,57.2,上升,正常,4,⭐⭐⭐⭐☆,买入,63.38,50.23,算力云
璞泰来,603659.SH,31.91,1.301587301587302,死叉,↑,61.3,上升,正常,3,⭐⭐⭐☆☆,观察,31.6,29.32,锂电材料
鼎胜新材,603876.SH,23.71,5.004428697962811,金叉,↑,76.9,上升,正常,3,⭐⭐⭐☆☆,观察,21.49,18.96,铝箔
龙蟠科技,603906.SH,22.03,-1.6956715751896432,金叉,↓,76.9,上升,缩量,3,⭐⭐⭐☆☆,观察,20.34,19.23,锂电材料
派能科技,688063.SH,68.99,-0.17363623209377016,死叉,↓,36.0,上升,正常,3,⭐⭐⭐☆☆,观察,75.72,67.64,储能
德科立,688205.SH,243.0,-2.0161290322580645,金叉,↓,68.0,上升,正常,4,⭐⭐⭐⭐☆,买入,197.47,173.62,光模块
晶科能源,688223.SH,6.44,-2.8657616892910935,死叉,↓,40.5,震荡,缩量,2,⭐⭐☆☆☆,观察,7.18,7.07,光伏
万润新能,688275.SH,113.72,4.6663598711458745,死叉,↑,52.2,上升,正常,3,⭐⭐⭐☆☆,观察,111.79,91.19,锂电材料
华丰科技,688312.SH,60.78,7.899875732291857,金叉,↑,72.8,上升,放量,4,⭐⭐⭐⭐☆,买入,49.87,46.05,连接器
芯原股份,688521.SH,238.24,-1.0302426055167786,金叉,↓,69.5,震荡,正常,3,⭐⭐⭐☆☆,观察,213.82,215.98,AI芯片
拉普拉斯,688612.SH,31.56,-0.7547169811320817,金叉,↓,60.1,下降,正常,3,⭐⭐⭐☆☆,观察,29.57,30.93,光伏设备
芯碁微装,688630.SH,244.9,2.041666666666669,金叉,↑,79.7,上升,放量,4,⭐⭐⭐⭐☆,买入,189.44,179.61,PCB设备
盛科通信,688702.SH,220.46,0.6712635280149772,金叉,↑,73.2,上升,正常,3,⭐⭐⭐☆☆,观察,179.63,165.51,其他
普冉股份,688766.SH,242.79,1.2215459017760268,死叉,↑,29.8,上升,正常,2,⭐⭐☆☆☆,观察,250.21,244.25,AI芯片
特发信息,000070.SZ,20.88,10.010537407797674,金叉,↑,73.6,上升,正常,3,⭐⭐⭐☆☆,观察,16.81,15.3,光模块
盐湖股份,000792.SZ,37.4,0.40268456375838546,死叉,↑,66.0,上升,正常,3,⭐⭐⭐☆☆,观察,36.79,35.34,其他
紫光股份,000938.SZ,27.02,2.1164021164021114,金叉,↑,51.4,震荡,放量,4,⭐⭐⭐⭐☆,买入,25.64,25.56,服务器
国轩高科,002074.SZ,35.28,0.3127665624111442,死叉,↑,40.4,下降,正常,2,⭐⭐☆☆☆,观察,36.65,37.94,其他
苏州固锝,002079.SZ,9.55,-1.8499486125385374,金叉,↓,39.7,下降,正常,3,⭐⭐⭐☆☆,观察,9.74,10.4,其他
金风科技,002202.SZ,23.84,0.0,死叉,↓,21.9,震荡,正常,0,☆☆☆☆☆,卖出,27.47,27.71,风电
中恒电气,002364.SZ,31.93,9.989665862900443,金叉,↑,55.5,下降,缩量,3,⭐⭐⭐☆☆,观察,29.4,31.52,AIDC电源
多氟多,002407.SZ,27.5,-2.413058907026259,金叉,↓,61.2,下降,正常,3,⭐⭐⭐☆☆,观察,27.83,29.54,锂电材料
兴森科技,002436.SZ,22.08,1.517241379310337,金叉,↑,47.9,下降,放量,4,⭐⭐⭐⭐☆,买入,21.49,23.05,PCB
赣锋锂业,002460.SZ,81.01,-1.2193634922570418,金叉,↓,82.3,上升,正常,3,⭐⭐⭐☆☆,观察,73.66,70.4,锂电材料
天齐锂业,002466.SZ,57.65,-1.0640123562725323,金叉,↓,73.4,下降,正常,2,⭐⭐☆☆☆,观察,54.11,55.33,锂电材料
雅化集团,002497.SZ,23.31,0.5608283002588396,金叉,↑,60.3,下降,正常,3,⭐⭐⭐☆☆,观察,23.03,24.47,锂电材料
科士达,002518.SZ,47.19,1.3966480446927343,金叉,↑,54.6,下降,正常,3,⭐⭐⭐☆☆,观察,46.93,52.37,AIDC电源
天顺风能,002531.SZ,11.31,2.1680216802168037,死叉,↑,52.2,上升,正常,3,⭐⭐⭐☆☆,观察,11.33,9.54,风电
良信电器,002706.SZ,9.76,0.41152263374484715,死叉,↑,33.8,下降,正常,2,⭐⭐☆☆☆,观察,10.73,11.11,AIDC电源
天赐材料,002709.SZ,43.89,-2.4232992441084846,死叉,↓,58.7,上升,正常,3,⭐⭐⭐☆☆,观察,45.04,43.46,锂电材料
天际股份,002759.SZ,34.65,-3.6161335187760892,金叉,↓,56.5,下降,正常,3,⭐⭐⭐☆☆,观察,34.85,38.23,锂电材料
麦格米特,002851.SZ,102.57,0.06829268292682261,金叉,↑,48.3,下降,正常,3,⭐⭐⭐☆☆,观察,103.57,112.83,AIDC电源
钧达股份,002865.SZ,75.53,3.579264947888096,金叉,↑,36.9,下降,正常,3,⭐⭐⭐☆☆,观察,76.88,86.06,光伏
润建股份,002929.SZ,53.64,2.8374233128834434,金叉,↑,53.1,上升,放量,5,⭐⭐⭐⭐⭐,买入,49.68,48.29,其他
亿纬锂能,300014.SZ,65.11,1.3385214007782091,死叉,↑,46.4,上升,正常,3,⭐⭐⭐☆☆,观察,67.11,65.42,储能
鼎龙股份,300054.SZ,52.35,1.1203399652308255,金叉,↑,61.3,上升,正常,4,⭐⭐⭐⭐☆,买入,47.71,45.86,材料
英唐智控,300131.SZ,12.85,4.641693811074921,金叉,↑,46.2,下降,正常,3,⭐⭐⭐☆☆,观察,12.65,14.27,其他
天华新能,300182.SZ,5.86,-1.6778523489932826,金叉,↓,43.9,下降,正常,3,⭐⭐⭐☆☆,观察,5.85,6.33,其他
上海新阳,300236.SZ,81.96,1.1726947290457828,金叉,↑,55.1,震荡,正常,3,⭐⭐⭐☆☆,观察,77.18,78.59,材料
南大光电,300346.SZ,47.7,-0.9962640099626336,金叉,↓,51.8,下降,正常,3,⭐⭐⭐☆☆,观察,46.77,52.74,材料
全志科技,300458.SZ,34.88,-1.857062464828353,金叉,↓,39.2,下降,正常,3,⭐⭐⭐☆☆,观察,35.7,40.6,AI芯片
星源材质,300568.SZ,15.41,2.939211756847024,金叉,↑,65.1,震荡,正常,3,⭐⭐⭐☆☆,观察,14.77,14.54,锂电材料
太辰光,300570.SZ,128.29,4.34322895485969,金叉,↑,60.8,下降,放量,4,⭐⭐⭐⭐☆,买入,118.09,121.19,光模块
长川科技,300604.SZ,134.2,2.827369550226035,金叉,↑,58.4,下降,正常,3,⭐⭐⭐☆☆,观察,123.11,128.66,半导体设备
安靠智电,300617.SZ,57.3,0.6145741878840988,死叉,↑,43.7,上升,正常,3,⭐⭐⭐☆☆,观察,58.09,51.86,其他
科创新源,300731.SZ,66.23,2.570853337463235,死叉,↑,41.2,上升,正常,3,⭐⭐⭐☆☆,观察,67.79,65.07,数据中心
德方纳米,300769.SZ,42.45,-1.622247972190025,死叉,↓,46.3,震荡,缩量,2,⭐⭐☆☆☆,观察,44.27,43.41,锂电材料
同飞股份,300990.SZ,82.28,0.919906782779345,金叉,↑,45.0,下降,正常,3,⭐⭐⭐☆☆,观察,81.66,86.04,液冷
申菱环境,301018.SZ,104.3,1.9650014664189956,金叉,↑,58.4,上升,正常,4,⭐⭐⭐⭐☆,买入,94.71,84.95,液冷
海力风电,301155.SZ,65.19,-2.6433691756272344,死叉,↓,23.8,震荡,正常,1,⭐☆☆☆☆,卖出,77.56,79.12,风电
联特科技,301205.SZ,248.39,6.884977838977581,金叉,↑,62.4,上升,正常,4,⭐⭐⭐⭐☆,买入,220.8,206.23,光模块
正力新能,301278.SZ,37.65,-2.2331861854063866,死叉,↓,34.0,上升,正常,3,⭐⭐⭐☆☆,观察,40.87,39.54,储能
宝信软件,600845.SH,22.74,-1.0013060513713559,金叉,↓,50.5,下降,正常,3,⭐⭐⭐☆☆,观察,22.34,23.09,算力云
宏发股份,600885.SH,26.47,0.45540796963945895,死叉,↑,40.4,下降,正常,2,⭐⭐☆☆☆,观察,27.76,29.98,宏发股份
四方股份,601126.SH,43.78,0.06857142857143117,死叉,↑,43.6,上升,正常,3,⭐⭐⭐☆☆,观察,44.87,41.96,四方股份
禾望电气,603063.SH,32.76,3.6053130929791175,死叉,↑,53.3,上升,放量,4,⭐⭐⭐⭐☆,买入,32.08,31.34,AIDC电源
海星股份,603115.SH,45.23,2.3303167420814344,金叉,↑,72.4,上升,正常,3,⭐⭐⭐☆☆,观察,38.16,29.49,其他
江南新材,603124.SH,117.0,2.451838879159367,金叉,↑,66.8,上升,正常,4,⭐⭐⭐⭐☆,买入,103.65,99.93,其他
华正新材,603186.SH,74.01,4.430647664738253,金叉,↑,63.2,下降,放量,4,⭐⭐⭐⭐☆,买入,64.48,67.16,PCB
金辰股份,603396.SH,33.69,-1.9499417927823102,死叉,↓,35.9,下降,缩量,2,⭐⭐☆☆☆,观察,37.73,40.38,光伏设备
科森科技,603626.SH,24.21,-0.20610057708161877,金叉,↓,61.6,下降,正常,3,⭐⭐⭐☆☆,观察,22.45,23.07,其他
彤程新材,603650.SH,51.66,-0.9015921734126338,金叉,↓,49.4,下降,正常,3,⭐⭐⭐☆☆,观察,50.98,55.63,材料
华友钴业,603799.SH,59.5,-2.602717302340814,金叉,↓,57.6,下降,正常,3,⭐⭐⭐☆☆,观察,59.84,69.38,其他
福斯特,603806.SH,17.73,-4.265658747300211,死叉,↓,47.4,上升,正常,3,⭐⭐⭐☆☆,观察,18.16,17.42,光伏
乐鑫科技,688018.SH,146.89,-2.721854304635771,金叉,↓,52.0,下降,正常,3,⭐⭐⭐☆☆,观察,145.48,160.89,AI芯片
杰普特,688025.SH,275.6,5.760006139913293,金叉,↑,69.2,上升,正常,4,⭐⭐⭐⭐☆,买入,226.56,201.37,光器件
禾迈股份,688032.SH,113.44,-2.9929878570206943,死叉,↓,44.2,上升,缩量,3,⭐⭐⭐☆☆,观察,122.92,112.86,储能
盛美上海,688082.SH,151.33,0.22518047552818293,金叉,↑,51.0,下降,正常,3,⭐⭐⭐☆☆,观察,147.89,172.43,半导体设备
东芯股份,688110.SH,114.88,0.04354262823303767,死叉,↑,32.5,下降,正常,2,⭐⭐☆☆☆,观察,121.45,127.62,AI芯片
华海清科,688120.SH,182.14,2.0049283154121778,金叉,↑,59.9,下降,正常,3,⭐⭐⭐☆☆,观察,171.73,180.51,半导体设备
优刻得,688158.SH,46.14,0.3479773814702125,死叉,↑,46.5,上升,正常,3,⭐⭐⭐☆☆,观察,43.41,38.59,算力云
炬光科技,688167.SH,389.83,-0.2992327365728941,金叉,↓,68.9,上升,正常,4,⭐⭐⭐⭐☆,买入,337.93,294.37,光器件
恒坤新材,688233.SH,74.38,-1.0377860564129873,金叉,↓,47.9,下降,正常,3,⭐⭐⭐☆☆,观察,72.78,81.63,材料
中科蓝讯,688332.SH,124.69,-3.4084747075683675,金叉,↓,52.8,下降,放量,3,⭐⭐⭐☆☆,观察,120.26,132.63,AI芯片
